{
    "0": {
        "precision": 0.998463639467395,
        "recall": 0.9996581780892155,
        "f1-score": 0.999060551712358,
        "support": 5851.0
    },
    "1": {
        "precision": 0.9996334982591167,
        "recall": 0.9983528550512445,
        "f1-score": 0.9989927662301987,
        "support": 5464.0
    },
    "accuracy": 0.9990278391515687,
    "macro avg": {
        "precision": 0.9990485688632559,
        "recall": 0.9990055165702301,
        "f1-score": 0.9990266589712784,
        "support": 11315.0
    },
    "weighted avg": {
        "precision": 0.9990285628821512,
        "recall": 0.9990278391515687,
        "f1-score": 0.9990278181838986,
        "support": 11315.0
    }
}