{
    "fpr": [
        0.0,
        0.0,
        0.0,
        0.0,
        0.0,
        0.0,
        0.0,
        0.0,
        0.0,
        0.0,
        0.0,
        0.0,
        0.0,
        0.0,
        0.0,
        0.0,
        0.0,
        0.0,
        0.0,
        0.0,
        0.0,
        0.0,
        0.0,
        0.0,
        0.0,
        0.0,
        0.0,
        0.0,
        0.0,
        0.0,
        0.0,
        0.0,
        0.0,
        0.0,
        0.0,
        0.0,
        0.0,
        0.0,
        0.0,
        0.0,
        0.0,
        0.0,
        0.0,
        0.0,
        0.0,
        0.0,
        0.0,
        0.0,
        0.0,
        0.0,
        0.0,
        0.0,
        0.0,
        0.0,
        0.0,
        0.0,
        0.0,
        0.0,
        0.0,
        0.0,
        0.0,
        0.0,
        0.00017091095539224064,
        0.00017091095539224064,
        0.0005127328661767219,
        0.0005127328661767219,
        0.0006836438215689625,
        0.0006836438215689625,
        0.0011963766877456845,
        0.0011963766877456845,
        0.001367287643137925,
        0.001367287643137925,
        0.0015381985985301657,
        0.0015381985985301657,
        0.0020509314647068877,
        0.0020509314647068877,
        0.002221842420099128,
        0.002221842420099128,
        0.0032473081524525722,
        0.0032473081524525722,
        0.003930951974021535,
        0.003930951974021535,
        0.009229191591180994,
        0.009229191591180994,
        0.0109383011451034,
        0.0109383011451034,
        0.013672876431379252,
        0.013672876431379252,
        0.031960348658349,
        0.031960348658349,
        0.054178772859340286,
        0.054178772859340286,
        0.13929242864467611,
        0.13929242864467611,
        0.6993676294650487,
        1.0
    ],
    "tpr": [
        0.0,
        0.03568814055636896,
        0.3737188872620791,
        0.3742679355783309,
        0.37463396778916547,
        0.3773792093704246,
        0.3781112737920937,
        0.37866032210834555,
        0.3790263543191801,
        0.38012445095168373,
        0.3804904831625183,
        0.38341874084919475,
        0.3837847730600293,
        0.3850658857979502,
        0.3857979502196193,
        0.38616398243045386,
        0.38653001464128844,
        0.3867130307467057,
        0.38707906295754024,
        0.390190336749634,
        0.39092240117130306,
        0.3923865300146413,
        0.39275256222547583,
        0.39439970717423134,
        0.3947657393850659,
        0.39751098096632503,
        0.3980600292825769,
        0.3993411420204978,
        0.39970717423133234,
        0.3998901903367496,
        0.4002562225475842,
        0.4017203513909224,
        0.40226939970717424,
        0.4031844802342606,
        0.40355051244509516,
        0.40757686676427524,
        0.4079428989751098,
        0.4086749633967789,
        0.4090409956076135,
        0.4167276720351391,
        0.4172767203513909,
        0.42020497803806733,
        0.4205710102489019,
        0.4260614934114202,
        0.4264275256222548,
        0.44051976573938506,
        0.4408857979502196,
        0.45168374816983897,
        0.45241581259150804,
        0.4558931185944363,
        0.45625915080527085,
        0.4591874084919473,
        0.45955344070278187,
        0.4633967789165447,
        0.4637628111273792,
        0.4677891654465593,
        0.46815519765739383,
        0.48005124450951686,
        0.4804172767203514,
        0.48060029282576866,
        0.48096632503660325,
        0.9952415812591509,
        0.9952415812591509,
        0.9961566617862372,
        0.9961566617862372,
        0.9965226939970717,
        0.9965226939970717,
        0.996705710102489,
        0.996705710102489,
        0.9972547584187409,
        0.9972547584187409,
        0.9974377745241582,
        0.9974377745241582,
        0.9978038067349927,
        0.9978038067349927,
        0.9981698389458272,
        0.9981698389458272,
        0.9985358711566618,
        0.9985358711566618,
        0.998718887262079,
        0.998718887262079,
        0.9989019033674963,
        0.9989019033674963,
        0.9990849194729137,
        0.9990849194729137,
        0.9992679355783309,
        0.9992679355783309,
        0.9994509516837482,
        0.9994509516837482,
        0.9996339677891655,
        0.9996339677891655,
        0.9998169838945827,
        0.9998169838945827,
        1.0,
        1.0,
        1.0
    ],
    "thresholds": [
        Infinity,
        0.9999808211393664,
        0.9999600691862414,
        0.9998686240014107,
        0.9998486098019186,
        0.9997708266262891,
        0.9997694645704187,
        0.9997527425327665,
        0.9997492625502167,
        0.9997365074481759,
        0.9997361312370855,
        0.9996764374980959,
        0.9996688712398271,
        0.9996551538793089,
        0.9996486692196249,
        0.9996359141175841,
        0.9996355379064937,
        0.9996329780925803,
        0.9996320004479066,
        0.9995903570276491,
        0.9995897260083272,
        0.9995701017163683,
        0.9995695239881252,
        0.9995601072160395,
        0.9995597165313996,
        0.9995271684477862,
        0.9995261552969967,
        0.9995095106349611,
        0.9995094287985524,
        0.9995053323037864,
        0.999503741136497,
        0.9994909860344562,
        0.9994909564848684,
        0.999485615986447,
        0.999485268822813,
        0.9994554565112079,
        0.9994546848847279,
        0.9994520826318855,
        0.9994519354894797,
        0.9993865810970111,
        0.9993862666595106,
        0.9993569195074157,
        0.9993529333261774,
        0.999310507347931,
        0.9993071214280108,
        0.9992037591785945,
        0.9992026642424966,
        0.9991021772080625,
        0.9991020709119048,
        0.9990680471083064,
        0.9990675061108051,
        0.9990482709533203,
        0.9990478450881044,
        0.9990230514209126,
        0.9990229256804051,
        0.9989906116659655,
        0.9989895923470717,
        0.9988862710936401,
        0.9988852823039633,
        0.9988814244435944,
        0.9988802097375747,
        0.5560828998679572,
        0.5509205131981737,
        0.534970307568672,
        0.5207719687536126,
        0.5139757848177308,
        0.5043969803567694,
        0.5006183455906144,
        0.48686714669211834,
        0.47958461569271543,
        0.47835204485973065,
        0.478313775212299,
        0.47831140622904283,
        0.47470001537255513,
        0.4606866286404868,
        0.45417302831890793,
        0.4368265606719295,
        0.4299732721215452,
        0.38820242141132505,
        0.38753773400075325,
        0.3683914688358941,
        0.3671906972487964,
        0.3137857845974263,
        0.31339605507015106,
        0.2987965463762692,
        0.2981913723867919,
        0.2821230750752819,
        0.2820713221549035,
        0.19881930194015143,
        0.19815709910847104,
        0.15013660350151173,
        0.15002753248487471,
        0.0790749363170315,
        0.07868474232172205,
        0.001516948294361191,
        0.0
    ],
    "roc_auc": 0.9999477320266361
}