{
    "0": {
        "precision": 0.946636925188744,
        "recall": 0.9429157408989917,
        "f1-score": 0.9447726688928847,
        "support": 5851.0
    },
    "1": {
        "precision": 0.9391288500091124,
        "recall": 0.943081991215227,
        "f1-score": 0.9411012692904758,
        "support": 5464.0
    },
    "accuracy": 0.9429960229783473,
    "macro avg": {
        "precision": 0.9428828875989281,
        "recall": 0.9429988660571094,
        "f1-score": 0.9429369690916802,
        "support": 11315.0
    },
    "weighted avg": {
        "precision": 0.9430112846424331,
        "recall": 0.9429960229783473,
        "f1-score": 0.9429997544052521,
        "support": 11315.0
    }
}