{
    "0": {
        "precision": 0.9969309462915601,
        "recall": 0.9993163561784311,
        "f1-score": 0.998122226015705,
        "support": 5851.0
    },
    "1": {
        "precision": 0.9992660550458715,
        "recall": 0.996705710102489,
        "f1-score": 0.997984240425142,
        "support": 5464.0
    },
    "accuracy": 0.9980556783031375,
    "macro avg": {
        "precision": 0.9980985006687157,
        "recall": 0.99801103314046,
        "f1-score": 0.9980532332204235,
        "support": 11315.0
    },
    "weighted avg": {
        "precision": 0.9980585675229836,
        "recall": 0.9980556783031375,
        "f1-score": 0.9980555929386535,
        "support": 11315.0
    }
}