{
    "0": {
        "precision": 0.9943657162369814,
        "recall": 0.9953854042044095,
        "f1-score": 0.9948752989408951,
        "support": 5851.0
    },
    "1": {
        "precision": 0.9950531330157567,
        "recall": 0.9939604685212299,
        "f1-score": 0.9945065006409083,
        "support": 5464.0
    },
    "accuracy": 0.9946973044631021,
    "macro avg": {
        "precision": 0.994709424626369,
        "recall": 0.9946729363628197,
        "f1-score": 0.9946908997909016,
        "support": 11315.0
    },
    "weighted avg": {
        "precision": 0.9946976689792906,
        "recall": 0.9946973044631021,
        "f1-score": 0.9946972066818472,
        "support": 11315.0
    }
}